seq_beg,seq_end,type
1,16,Cytoplasmic
17,37,Transmembrane
38,48,Periplasmic
49,69,Transmembrane
70,77,Cytoplasmic
78,98,Transmembrane
99,107,Periplasmic
108,128,Transmembrane
129,147,Cytoplasmic
148,167,Transmembrane
168,170,Periplasmic
171,190,Transmembrane
191,220,Cytoplasmic
221,241,Transmembrane
242,260,Periplasmic
261,281,Transmembrane
282,287,Cytoplasmic
288,308,Transmembrane
309,311,Periplasmic
312,332,Transmembrane
333,342,Cytoplasmic
343,363,Transmembrane
364,377,Periplasmic
378,398,Transmembrane
399,415,Cytoplasmic
